date_dt,unemp,CPI_U,GasPrice,CDD,CHMR,CTA,osm_shop_count,osm_net_new,chicago_search_sentiment,,,,,,,,,,,,,,,,,,
1/1/15 0:00,7.2,225.852,2.128,0,27606708.14,39461715,1037,,64,,,,,,,,,,,,,,,,,,
2/1/15 0:00,6.9,225.763,2.381,0,29775106.31,38516587,1081,44,51,,,,,,,,,,,,,,,,,,
3/1/15 0:00,6.5,227.405,2.615,0,30069627.42,44908188,1122,41,75,,,,,,,,,,,,,,,,,,
4/1/15 0:00,6.1,227.704,2.701,0,28240772.58,43186487,1126,4,69,,,,,,,,,,,,,,,,,,
5/1/15 0:00,6.3,228.494,2.912,65,29078637.81,44674213,1131,5,87,,,,,,,,,,,,,,,,,,
6/1/15 0:00,6.7,228.837,3.118,125,30145865.18,43941538,1172,41,74,,,,,,,,,,,,,,,,,,
7/1/15 0:00,6.5,228.588,2.977,222,28859652.99,44380916,1258,86,85,,,,,,,,,,,,,,,,,,
8/1/15 0:00,6.2,229.527,2.982,206,28628423.14,43470075,1485,227,77,,,,,,,,,,,,,,,,,,
9/1/15 0:00,5.6,228.826,2.678,145,34437875.06,45070349,1493,8,69,,,,,,,,,,,,,,,,,,
10/1/15 0:00,5.8,228.6,2.585,9,23660620.29,47721320,1501,8,74,,,,,,,,,,,,,,,,,,
11/1/15 0:00,5.9,227.641,2.2,0,23554200.48,41599867,1503,2,82,,,,,,,,,,,,,,,,,,
12/1/15 0:00,6.0,226.271,2.074,0,28153259.56,39316959,1531,28,85,,,,,,,,,,,,,,,,,,
1/1/16 0:00,6.8,227.977,1.94,0,27798957.96,39925460,1569,38,61,,,,,,,,,,,,,,,,,,
2/1/16 0:00,6.7,227.438,1.681,0,29768756.1,38776369,1577,8,56,,,,,,,,,,,,,,,,,,
3/1/16 0:00,6.5,227.778,2.072,0,31635672.07,43039648,1584,7,77,,,,,,,,,,,,,,,,,,
4/1/16 0:00,6.3,229.197,2.236,0,29923428.44,41725144,1643,59,81,,,,,,,,,,,,,,,,,,
5/1/16 0:00,5.9,229.247,2.446,47,30204767.94,42713453,1713,70,78,,,,,,,,,,,,,,,,,,
6/1/16 0:00,6.7,230.341,2.641,207,30119564.3,42230444,1775,62,84,,,,,,,,,,,,,,,,,,
7/1/16 0:00,6.2,228.454,2.328,303,29838990.11,41696808,1840,65,94,,,,,,,,,,,,,,,,,,
8/1/16 0:00,6.3,228.956,2.317,322,28282114.56,41446797,1851,11,81,,,,,,,,,,,,,,,,,,
9/1/16 0:00,6.1,230.282,2.326,153,35403923.46,43060220,1866,15,78,,,,,,,,,,,,,,,,,,
10/1/16 0:00,6.1,230.506,2.304,18,53375007.52,45583905,1895,29,77,,,,,,,,,,,,,,,,,,
11/1/16 0:00,5.4,230.969,2.2,0,56260939.89,40504644,1924,29,79,,,,,,,,,,,,,,,,,,
12/1/16 0:00,5.2,230.476,2.402,0,65962180.95,36391192,1967,43,78,,,,,,,,,,,,,,,,,,
1/1/17 0:00,5.7,232.155,2.44,0,62493840.67,37786715,1990,23,53,,,,,,,,,,,,,,,,,,
2/1/17 0:00,5.2,232.491,2.334,0,69627843.68,37488628,2026,36,65,,,,,,,,,,,,,,,,,,
3/1/17 0:00,4.7,232.225,2.382,0,75197274.15,41072863,2053,27,69,,,,,,,,,,,,,,,,,,
4/1/17 0:00,4.8,233.066,2.553,5,69006512.35,39786074,2088,35,78,,,,,,,,,,,,,,,,,,
5/1/17 0:00,4.8,233.443,2.495,30,68263674.45,41178701,2093,5,75,,,,,,,,,,,,,,,,,,
6/1/17 0:00,5.7,233.407,2.395,202,69553963.39,41193119,2121,28,83,,,,,,,,,,,,,,,,,,
7/1/17 0:00,5.5,233.514,2.397,264,67405675.01,39969663,2147,26,92,,,,,,,,,,,,,,,,,,
8/1/17 0:00,5.8,234.2,2.427,170,67825677.28,41021524,2166,19,92,,,,,,,,,,,,,,,,,,
9/1/17 0:00,5.2,235.177,2.568,124,81531774.9,42285990,2183,17,82,,,,,,,,,,,,,,,,,,
10/1/17 0:00,5.1,234.159,2.564,18,56297195.44,43816126,2198,15,87,,,,,,,,,,,,,,,,,,
11/1/17 0:00,4.8,235.206,2.756,0,56233617.77,38845428,2203,5,89,,,,,,,,,,,,,,,,,,
12/1/17 0:00,4.5,234.293,2.564,0,66386157.29,36051520,2213,10,82,,,,,,,,,,,,,,,,,,
1/1/18 0:00,5.0,236.267,2.669,0,65212635.32,35994884,2228,15,55,,,,,,,,,,,,,,,,,,
2/1/18 0:00,4.7,236.306,2.565,0,69421573.86,35402320,2253,25,57,,,,,,,,,,,,,,,,,,
3/1/18 0:00,3.9,236.388,2.652,0,73119893.78,39893267,2281,28,78,,,,,,,,,,,,,,,,,,
4/1/18 0:00,3.6,237.94,2.846,0,67781079.36,39373551,2293,12,67,,,,,,,,,,,,,,,,,,
5/1/18 0:00,3.5,238.91,3.09,128,68994675.1,40431897,2305,12,75,,,,,,,,,,,,,,,,,,
6/1/18 0:00,4.7,238.54,3.067,187,68813719.37,39599893,2322,17,93,,,,,,,,,,,,,,,,,,
7/1/18 0:00,4.3,237.87,2.974,291,67466235.42,39465213,2354,32,100,,,,,,,,,,,,,,,,,,
8/1/18 0:00,4.2,238.098,2.925,304,68308547.76,40048581,2379,25,97,,,,,,,,,,,,,,,,,,
9/1/18 0:00,3.9,238.957,2.927,125,81326655.43,41597367,2385,6,74,,,,,,,,,,,,,,,,,,
10/1/18 0:00,4.0,238.892,2.893,0,58821645.29,43590423,2403,18,73,,,,,,,,,,,,,,,,,,
11/1/18 0:00,3.7,237.511,2.588,0,56928622.95,37544425,2410,7,83,,,,,,,,,,,,,,,,,,
12/1/18 0:00,3.7,236.796,2.254,0,69006437.46,35501409,2418,8,87,,,,,,,,,,,,,,,,,,
1/1/19 0:00,4.6,238.218,2.149,0,65512498.04,33033146,2442,24,51,,,,,,,,,,,,,,,,,,
2/1/19 0:00,4.3,239.669,2.347,0,74052335.97,34944862,2505,63,49,,,,,,,,,,,,,,,,,,
3/1/19 0:00,4.0,240.019,2.621,0,76306913.9,31161797,2818,313,70,,,,,,,,,,,,,,,,,,
4/1/19 0:00,3.8,239.726,3.007,0,70785493.51,37874004,2973,155,66,,,,,,,,,,,,,,,,,,
5/1/19 0:00,3.7,241.758,3.167,33,73166741.22,39701953,3078,105,74,,,,,,,,,,,,,,,,,,
6/1/19 0:00,4.4,240.835,2.973,127,70562415.08,39583408,3120,42,80,,,,,,,,,,,,,,,,,,
7/1/19 0:00,4.3,241.589,3.11,350,71626171.02,38544689,3155,35,83,,,,,,,,,,,,,,,,,,
8/1/19 0:00,4.0,241.985,2.827,222,69887841.41,39332880,3149,-6,83,,,,,,,,,,,,,,,,,,
9/1/19 0:00,3.5,242.393,2.753,142,80402424.64,40504073,3179,30,72,,,,,,,,,,,,,,,,,,
10/1/19 0:00,3.6,243.236,2.753,0,54919556.82,41748713,3204,25,75,,,,,,,,,,,,,,,,,,
11/1/19 0:00,3.2,242.661,2.629,0,56461598.16,36961008,3235,31,81,,,,,,,,,,,,,,,,,,
12/1/19 0:00,3.0,242.079,2.604,0,68656689.25,34808947,3249,14,71,,,,,,,,,,,,,,,,,,
1/1/20 0:00,3.9,244.361,2.645,0,67846113.5,36072142,3275,26,46,,,,,,,,,,,,,,,,,,
2/1/20 0:00,3.9,244.407,2.56,0,73986096.51,34858049,3459,184,48,,,,,,,,,,,,,,,,,,
3/1/20 0:00,6.6,242.655,2.327,0,75961708.73,23233727,3563,104,51,,,,,,,,,,,,,,,,,,
4/1/20 0:00,19.8,240.364,1.899,0,72537143.53,8062778,3645,82,26,,,,,,,,,,,,,,,,,,
5/1/20 0:00,16.5,242.65,2.154,36,73233944.89,9178429,3789,144,29,,,,,,,,,,,,,,,,,,
6/1/20 0:00,15.0,243.475,2.337,221,71052949.49,10225049,4036,247,41,,,,,,,,,,,,,,,,,,
7/1/20 0:00,13.9,244.046,2.371,360,72032875.24,12746594,4112,76,34,,,2022,262.73,264.828,268.417,269.569,274.301,277.78,277.311,277.454,278.03,278.415,276.861,274.577,,,
8/1/20 0:00,11.6,244.341,2.341,270,69939707.75,12984554,4173,61,35,,,2023,276.982,277.978,280.279,282.423,283.415,283.627,283.528,283.957,284.375,285.211,283.859,283.76,,,
9/1/20 0:00,10.8,245.745,2.327,61,81607813.21,13053733,4270,97,32,,,2024,286.022,287.394,289.069,290.918,292.123,292.106,293.943,294.608,295.979,295.239,294.542,294.757,,,
10/1/20 0:00,9.1,245.584,2.263,0,58933107.67,13609917,4352,82,38,,,2025,298.213,298.457,299.831,299.983,301.65,302.442,301.871,303.636,304.472,-(X),301.839,301.159,,,
11/1/20 0:00,8.7,244.61,2.201,0,54947219.99,11427941,4417,65,30,,,2026,302.224,304.489,306.592,309.364,312.867,309.915,,,,,,,,,
12/1/20 0:00,8.9,244.235,2.281,0,50419580.68,11024833,4552,135,39,,,,,,,,,,,,,,,,,,
1/1/21 0:00,8.8,246.008,2.452,0,38476836.9,10980903,4625,73,26,,,,,,,,,,,,,,,,,,
2/1/21 0:00,8.2,247.387,2.635,0,46109877.15,10552678,4701,76,31,,,,,,,,,,,,,,,,,,
3/1/21 0:00,7.5,248.984,2.999,0,56464654.48,13465695,4754,53,40,,,,,,,,,,,,,,,,,,
4/1/21 0:00,7.5,251.491,3.061,0,61177461.54,13768950,4807,53,39,,,,,,,,,,,,,,,,,,
5/1/21 0:00,7.5,253.934,3.224,42,60080433.44,15100909,4839,32,46,,,,,,,,,,,,,,,,,,
6/1/21 0:00,8.7,254.974,3.359,249,61922896.3,16504335,4851,12,54,,,,,,,,,,,,,,,,,,
7/1/21 0:00,7.8,255.929,3.381,264,59972884.82,18566992,4868,17,65,,,,,,,,,,,,,,,,,,
8/1/21 0:00,7.0,256.078,3.386,333,55502405.69,19095700,4945,77,54,,,,,,,,,,,,,,,,,,
9/1/21 0:00,5.9,256.881,3.377,148,68824077.96,20883918,5006,61,53,,,,,,,,,,,,,,,,,,
10/1/21 0:00,5.4,258.621,3.5,31,57567755.4,21270174,5038,32,49,,,,,,,,,,,,,,,,,,
11/1/21 0:00,4.7,259.254,3.556,0,54773167.33,18767083,5044,6,56,,,,,,,,,,,,,,,,,,
12/1/21 0:00,4.2,260.368,3.406,0,81000519.72,17322199,5138,94,57,,,,,,,,,,,,,,,,,,
1/1/22 0:00,5.2,262.73,,,,,,,,,,,,,,,,,,,,,,,,,
2/1/22 0:00,5.2,264.828,,,,,,,,,,,,,,,,,,,,,,,,,
3/1/22 0:00,4.7,268.417,,,,,,,,,,,,,,,,,,,,,,,,,
4/1/22 0:00,4.6,269.569,,,,,,,,,,,,,,,,,,,,,,,,,
5/1/22 0:00,4.8,274.301,,,,,,,,,,,,,,,,,,,,,,,,,
6/1/22 0:00,5.7,277.78,,,,,,,,,,,,,,,,,,,,,,,,,
7/1/22 0:00,5.4,277.311,,,,,,,,,,,,,,,,,,,,,,,,,
8/1/22 0:00,5.6,277.454,,,,,,,,,,,,,,,,,,,,,,,,,
9/1/22 0:00,4.9,278.03,,,,,,,,,,,,,,,,,,,,,,,,,
10/1/22 0:00,4.8,278.415,,,,,,,,,,,,,,,,,,,,,,,,,
11/1/22 0:00,4.5,276.861,,,,,,,,,,,,,,,,,,,,,,,,,
12/1/22 0:00,4.0,274.577,,,,,,,,,,,,,,,,,,,,,,,,,
1/1/23 0:00,4.4,276.982,,,,,,,,,,,,,,,,,,,,,,,,,
2/1/23 0:00,4.3,277.978,,,,,,,,,,,,,,,,,,,,,,,,,
3/1/23 0:00,4.1,280.279,,,,,2022,262.73,264.828,268.417,269.569,274.301,277.78,277.311,277.454,278.03,278.415,276.861,274.577,,,,,,,,
4/1/23 0:00,3.6,282.423,,,,,2023,276.982,277.978,280.279,282.423,283.415,283.627,283.528,283.957,284.375,285.211,283.859,283.76,,,,,,,,
5/1/23 0:00,3.9,283.415,,,,,2024,286.022,287.394,289.069,290.918,292.123,292.106,293.943,294.608,295.979,295.239,294.542,294.757,,,,,,,,
6/1/23 0:00,4.9,283.627,,,,,2025,298.213,298.457,299.831,299.983,301.65,302.442,301.871,303.636,304.472,-(X),301.839,301.159,,,,,,,,
7/1/23 0:00,4.6,283.528,,,,,2026,302.224,304.489,306.592,309.364,312.867,309.915,,,,,,,,,,,,,,
8/1/23 0:00,5.3,283.957,,,,,,,,,,,,,,,,,,,,,,,,,
9/1/23 0:00,4.8,284.375,,,,,,,,,,,,,,,,,,,,,,,,,
10/1/23 0:00,4.8,285.211,,,,,,,,,,,,,,,,,,,,,,,,,
11/1/23 0:00,4.4,283.859,,,,,,,,,,,,,,,,,,,,,,,,,
12/1/23 0:00,4.1,283.76,,,,,,,,,,,,,,,,,,,,,,,,,
1/1/24 0:00,4.8,286.022,,,,,,,,,,,,,,,,,,,,,,,,,
2/1/24 0:00,5.2,287.394,,,,,,,,,,,,,,,,,,,,,,,,,
3/1/24 0:00,4.9,289.069,,,,,,,,,,,,,,,,,,,,,,,,,
4/1/24 0:00,4.8,290.918,,,,,,,,,,,,,,,,,,,,,,,,,
5/1/24 0:00,5.2,292.123,,,,,,,,,,,,,,,,,,,,,,,,,
6/1/24 0:00,6.4,292.106,,,,,,,,,,,,,,,,,,,,,,,,,
7/1/24 0:00,6.3,293.943,,,,,,,,,,,,,,,,,,,,,,,,,
8/1/24 0:00,6.0,294.608,,,,,,,,,,,,,,,,,,,,,,,,,
9/1/24 0:00,5.4,295.979,,,,,,,,,,,,,,,,,,,,,,,,,
10/1/24 0:00,5.4,295.239,,,,,,,,,,,,,,,,,,,,,,,,,
11/1/24 0:00,5.1,294.542,,,,,,,,,,,,,,,,,,,,,,,,,
12/1/24 0:00,4.5,294.757,,,,,,,,,,,,,,,,,,,,,,,,,
1/1/25 0:00,5.1,298.213,,,,,,,,,,,,,,,,,,,,,,,,,
2/1/25 0:00,5.3,298.457,,,,,,,,,,,,,,,,,,,,,,,,,
3/1/25 0:00,5.0,299.831,,,,,,,,,,,,,,,,,,,,,,,,,
4/1/25 0:00,4.7,299.983,,,,,,,,,,,,,,,,,,,,,,,,,
5/1/25 0:00,4.6,301.65,,,,,,,,,,,,,,,,,,,,,,,,,
6/1/25 0:00,5.0,302.442,,,,,,,,,,,,,,,,,,,,,,,,,
7/1/25 0:00,5.0,301.871,,,,,,,,,,,,,,,,,,,,,,,,,
8/1/25 0:00,4.7,303.636,,,,,,,,,,,,,,,,,,,,,,,,,
9/1/25 0:00,4.3,304.472,,,,,,,,,,,,,,,,,,,,,,,,,
10/1/25 0:00,4.6,303.156,,,,,,,,,,,,,,,,,,,,,,,,,
11/1/25 0:00,4.9,301.839,,,,,,,,,,,,,,,,,,,,,,,,,
12/1/25 0:00,4.6,301.159,,,,,,,,,,,,,,,,,,,,,,,,,
1/1/26 0:00,5.3,302.224,,,,,,,,,,,,,,,,,,,,,,,,,
2/1/26 0:00,5.5,304.489,,,,,,,,,,,,,,,,,,,,,,,,,
3/1/26 0:00,5.1,306.592,,,,,,,,,,,,,,,,,,,,,,,,,
4/1/26 0:00,5.3,309.364,,,,,,,,,,,,,,,,,,,,,,,,,
,,,,,,,,,,,,,,,,,,,,,,,,,,,
,,,,,,,,,,,,,,,,,,,,,,,,,,,
,,,,,,,,,,,,,,,,,,,,,,,,,,,
,,,,,,,,,,,,,,,,,,,,,,,,,,,
,,,,,,,,,,,,,,,,,,,,,,,,,,,
,,,,,,,,,,,,,,,,,,,,,,,,,,,
,,,,,,,,,,,,,,,,,,,,,,,,,,,
,,,,,,,,,,,,,,,,,,,,,,,,,,,