date,Sales Tax Revenue,unemp,GasPrice,metro_ridership,CPI_U,la_search_sentiment,la_news_sentiment
2018-04-01,"30,841,108.98",4.6,3.594,7551520,265.095,76,-1.41178
2018-05-01,"34,742,239.23",4.6,3.729,7546228,266.148,77,-0.531312903
2018-06-01,"30,957,502.65",4.6,3.684,7395400,265.522,76,0.45152
2018-07-01,"46,171,411.26",4.6,3.633,7166864,266.007,100,-0.2725
2018-08-01,"42,122,456.00",4.6,3.61,7444467,266.665,100,-0.692283871
2018-09-01,"27,401,243.18",4.7,3.676,7700038,268.032,82,0.35987
2018-10-01,"37,199,066.93",4.7,3.844,7685445,269.482,69,0.578122581
2018-11-01,"35,210,922.64",4.7,3.64,7406887,268.56,68,-0.179896667
2018-12-01,"39,926,710.29",4.7,3.41,7035392,267.631,80,0.788254839
2019-01-01,"36,183,361.66",4.7,3.277,6934172,269.468,69,0.505548387
2019-02-01,"35,044,938.85",4.6,3.315,6999535,269.608,61,0.0079
2019-03-01,"30,960,605.41",4.5,3.47,7178643,271.311,68,0.141706452
2019-04-01,"34,735,607.27",4.4,3.987,7209105,273.945,79,-0.12879
2019-05-01,"39,534,352.11",4.4,4.012,7234243,274.479,75,0.364148387
2019-06-01,"33,834,998.04",4.4,3.741,7032554,274.38,76,-0.127226667
2019-07-01,"36,077,946.55",4.4,3.689,6820579,274.682,93,0.355012903
2019-08-01,"39,924,332.31",4.4,3.563,6975427,274.579,86,-0.85913871
2019-09-01,"36,473,208.91",4.4,3.769,7290346,276.054,66,-0.063896667
2019-10-01,"34,285,148.18",4.5,4.144,7290571,278.075,57,-0.238648387
2019-11-01,"34,810,769.41",4.6,3.959,7050866,277.239,67,0.699133333
2019-12-01,"49,135,085.50",4.7,3.641,6717876,275.553,67,1.036003226
2020-01-01,"31,504,948.34",4.9,3.553,6922146,277.755,49,0.036358065
2020-02-01,"28,828,407.36",5.1,3.535,7271208,278.657,56,-0.103868966
2020-03-01,"20,292,748.37",6.1,3.274,4648428,276.589,53,-1.525616129
2020-04-01,"29,389,519.01",17.4,2.877,2326922,275.853,28,-1.519026667
2020-05-01,"38,185,088.68",18.8,2.802,2798389,276.842,35,-1.680890323
2020-06-01,"27,462,562.63",17.5,2.967,3366176,278.121,32,-2.034713333
2020-07-01,"37,724,240.49",17.7,3.089,3566607,279.899,27,-2.21686129
2020-08-01,"41,403,266.52",16.8,3.156,3602718,280.116,33,-0.903525807
2020-09-01,"28,263,197.01",11.1,3.18,3767314,279.366,37,-0.07332
2020-10-01,"34,368,311.90",10.8,3.138,3860248,279.947,32,0.036383333
2020-11-01,"36,052,059.03",10.8,3.095,3776400,280.102,30,-0.71449
2020-12-01,"32,491,716.94",11.0,3.12,3417392,279.56,30,-1.184445161
2021-01-01,"35,031,954.73",10.8,3.278,3132158,280.178,19,-0.897051613
2021-02-01,"34,608,803.87",10.7,3.506,3461764,281.347,25,-0.44845
2021-03-01,"34,674,422.75",10.6,3.784,3678045,282.648,33,-0.836964516
2021-04-01,"39,039,998.08",10.4,3.9,3978888,285.808,37,-0.512466667
2021-05-01,"52,183,627.35",9.8,4.055,4133344,287.62,38,-0.512435484
2021-06-01,"37,918,470.16",9.6,4.295,4352974,289.218,45,-0.968863333
2021-07-01,"41,103,643.18",8.9,4.384,4562817,290.89,46,-1.389887097
2021-08-01,"45,056,800.79",8.4,4.429,4856717,291.333,48,-0.578690323
2021-09-01,"40,641,642.46",7.8,4.44,5121856,292.209,37,-0.750106667
2021-10-01,"42,567,459.54",7.3,4.524,5274407,294.961,37,-1.431696774
2021-11-01,"42,474,764.60",6.8,4.694,5281868,296.79,49,-1.205833333
2021-12-01,"51,224,309.66",6.6,4.72,4146082,297.925,55,-0.994109677
2022-01-01,"40,005,286.89",6.3,4.708,4309332,301.209,42,-0.832309677
2022-02-01,"38,553,618.68",5.8,4.809,4671493,302.164,48,-0.143953571
2022-03-01,"47,561,852.20",5.4,5.824,4940576,306.679,51,0.457283871
2022-04-01,"43,454,147.09",5.1,5.893,4937576,308.302,48,-0.047093333
2022-05-01,"53,673,411.41",4.9,6.044,5042297,310.649,48,-0.428590323
2022-06-01,"38,098,668.64",4.7,6.423,4961496,314.072,52,-0.329
2022-07-01,"45,998,949.50",4.4,6.024,4842020,313.415,64,0.0272
2022-08-01,"46,744,767.12",4.1,5.423,5053466,313.608,62,0.19436129
2022-09-01,"44,310,316.23",4.4,5.555,5358711,315.033,57,0.200463333
2022-10-01,"45,347,418.75",4.6,6.102,5546018,317.014,45,0.3652
2022-11-01,"41,233,722.79",4.8,5.387,5204816,314.633,46,0.35354
2022-12-01,"50,399,330.45",4.9,4.61,4952504,312.601,56,0.26473871
2023-01-01,"43,429,045.81",5.0,4.556,4971488,318.591,43,-1.334141935
2023-02-01,"39,022,293.79",5.0,4.771,5351707,317.571,44,-2.046625
2023-03-01,"43,758,094.88",5.0,4.938,5280978,317.873,53,-1.498866667
2023-04-01,"43,585,972.17",4.9,4.96,5611918,320.089,58,-0.91179
2023-05-01,"52,839,575.48",4.9,4.907,5698697,320.514,44,0.349177419
2023-06-01,"36,638,967.58",4.9,4.961,5583062,322.055,50,0.40399
2023-07-01,"43,942,552.73",5.0,5.016,5443578,321.931,68,0.57026129
2023-08-01,"45,134,663.82",5.0,5.299,5654608,324.05,59,-0.292216129
2023-09-01,"42,713,527.26",5.1,5.83,5925282,324.984,49,0.447036667
2023-10-01,"44,256,010.27",5.2,5.789,6056220,324.545,47,0.275780645
2023-11-01,"40,987,373.18",5.3,5.156,5737031,323.341,48,0.55176
2023-12-01,"45,548,209.56",5.4,4.814,5473318,323.456,52,0.047170968
2024-01-01,"44,613,846.79",5.4,4.676,5473349,326.64,43,0.056203226
2024-02-01,"40,655,302.07",5.4,4.82,5582942,328.232,44,0.671386207
2024-03-01,"41,428,503.56",5.5,5.036,5939364,330.671,51,0.678964516
2024-04-01,"41,941,073.07",5.6,5.398,6067357,332.572,44,0.162346667
2024-05-01,"51,746,484.18",5.7,5.246,6156343,332.956,50,0.888983871
2024-06-01,"36,738,922.24",5.8,4.89,5974490,332.357,43,0.597936667
2024-07-01,"43,773,794.22",5.9,4.744,5770998,332.928,50,-0.191458065
2024-08-01,"41,131,208.19",6.0,4.616,6109957,333.359,60,0.696967742
2024-09-01,"38,225,033.99",6.0,4.626,6401405,334.123,36,0.434643333
2024-10-01,"44,441,249.28",5.9,4.6,6432722,334.242,38,0.424464516
2024-11-01,"38,840,714.54",5.9,4.508,6162156,333.718,37,0.304943333
2024-12-01,"49,323,873.48",5.8,4.433,5849533,334.531,49,-0.268725807
2025-01-01,"39,513,346.68",5.8,4.51,5751977,337.508,36,-0.229890323
2025-02-01,"35,564,893.86",5.8,4.752,6007146,338.438,31,0.777332143
2025-03-01,"51,795,674.13",5.7,4.746,6068350,340.648,39,0.457319355
2025-04-01,"41,227,855.26",5.7,4.897,6191551,342.565,34,0.408353333
2025-05-01,"45,725,464.51",5.7,4.827,6293493,343.01,35,0.205493548
2025-06-01,"44,903,293.35",5.7,4.704,5577184,343.024,43,-1.307628571
2025-07-01,"45,470,455.20",5.6,4.571,5350085,343.624,50,0.424186667
2025-08-01,"42,970,525.10",5.6,4.574,5660886,344.503,44,0.726580645
2025-09-01,"40,868,516.38",5.6,4.765,6137530,345.865,34,0.32705
2025-10-01,"40,183,863.67",5.6,4.8125,6145179,345.758,35,0.609116129
2025-11-01,"39,787,944.10",5.6,4.86,5694857,345.65,59,0.44689
2025-12-01,"58,334,027.46",5.6,4.584,5638307,344.602,69,0.456170968
2026-01-01,"39,109,614.01",5.5,4.429,5481571,347.69,49,-0.417093548
2026-02-01,"34,595,560.94",5.5,4.632,5825786,348.361,58,0.638607143
2026-03-01,"52,746,593.02",5.4,5.611,6074373,352.221,60,0.270148387
2026-04-01,"41,147,219.65",5.5,6.055,6074810,355.166,49,1.7938
